,meme_stock,ticker,price_2020-12-01,wsv_2020-12-01,price_2020-12-16,wsv_2020-12-16,price_2021-01-04,wsv_2021-01-04,price_2021-01-20,wsv_2021-01-20,regularMarketPrice,logo_url,trailingPegRatio,zip,sector,fullTimeEmployees,city,state,country,maxAge,industry,ebitdaMargins,profitMargins,grossMargins,operatingCashflow,revenueGrowth,operatingMargins,ebitda,targetLowPrice,recommendationKey,grossProfits,freeCashflow,targetMedianPrice,currentPrice,earningsGrowth,currentRatio,returnOnAssets,numberOfAnalystOpinions,targetMeanPrice,debtToEquity,returnOnEquity,targetHighPrice,totalCash,totalDebt,totalRevenue,totalCashPerShare,financialCurrency,revenuePerShare,quickRatio,recommendationMean,exchange,shortName,longName,exchangeTimezoneShortName,isEsgPopulated,quoteType,market,enterpriseToRevenue,beta3Year,enterpriseToEbitda,52WeekChange,morningStarRiskRating,forwardEps,revenueQuarterlyGrowth,sharesOutstanding,fundInceptionDate,annualReportExpenseRatio,totalAssets,bookValue,sharesShort,sharesPercentSharesOut,fundFamily,lastFiscalYearEnd,heldPercentInstitutions,netIncomeToCommon,trailingEps,lastDividendValue,SandP52WeekChange,priceToBook,heldPercentInsiders,nextFiscalYearEnd,yield,mostRecentQuarter,shortRatio,sharesShortPreviousMonthDate,floatShares,beta,enterpriseValue,priceHint,threeYearAverageReturn,legalType,lastDividendDate,earningsQuarterlyGrowth,priceToSalesTrailing12Months,dateShortInterest,pegRatio,ytdReturn,forwardPE,lastCapGain,shortPercentOfFloat,sharesShortPriorMonth,impliedSharesOutstanding,fiveYearAverageReturn,previousClose,regularMarketOpen,twoHundredDayAverage,trailingAnnualDividendYield,payoutRatio,volume24Hr,regularMarketDayHigh,navPrice,averageDailyVolume10Day,regularMarketPreviousClose,fiftyDayAverage,trailingAnnualDividendRate,open,averageVolume10days,dividendRate,exDividendDate,startDate,regularMarketDayLow,trailingPE,regularMarketVolume,openInterest,marketCap,volumeAllCurrencies,strikePrice,averageVolume,dayLow,ask,askSize,volume,fiftyTwoWeekHigh,fiveYearAvgDividendYield,fiftyTwoWeekLow,bid,tradeable,dividendYield,bidSize,dayHigh,fax
0,True,GME,4.277500152587891,86,3.490000009536743,20,4.75,91,9.342499732971191,597,,,,,,,,,,,,,,,,,,,,,,,,,,,,,,,,,,,,,,,,,,,,,,,,,,,,,,,,,,,,,,,,,,,,,,,,,,,,,,,,,,,,,,,,,,,,,,,,,,,,,,,,,,,,,,,,,,,,,,,,,,,,,,,,,,,
1,True,AMC,4.429999828338623,1,2.869999885559082,1,2.200000047683716,2,3.2899999618530273,44,,,,,,,,,,,,,,,,,,,,,,,,,,,,,,,,,,,,,,,,,,,,,,,,,,,,,,,,,,,,,,,,,,,,,,,,,,,,,,,,,,,,,,,,,,,,,,,,,,,,,,,,,,,,,,,,,,,,,,,,,,,,,,,,,,,
2,True,BBBY,21.290000915527344,0,19.43000030517578,0,17.969999313354492,3,25.110000610351562,2,,,,,,,,,,,,,,,,,,,,,,,,,,,,,,,,,,,,,,,,,,,,,,,,,,,,,,,,,,,,,,,,,,,,,,,,,,,,,,,,,,,,,,,,,,,,,,,,,,,,,,,,,,,,,,,,,,,,,,,,,,,,,,,,,,,
3,True,FIZZ,43.34582522946927,0,38.81976687052317,0,40.55733150125146,0,44.12193327422631,1,50.085,https://logo.clearbit.com/nationalbeverage.com,,33324,Consumer Defensive,1580.0,Fort Lauderdale,FL,United States,1.0,Beverages—Non-Alcoholic,0.17152001,0.117939994,0.33675998,129407000.0,0.058,0.15451,199114000.0,42.0,underperform,417805000.0,94909000.0,42.0,50.085,-0.081,2.022,0.19745001,2.0,42.0,13.84,0.36905,42.0,92626000.0,40843000.0,1160893056.0,0.992,USD,12.437,1.307,3.7,NMS,National Beverage Corp.,National Beverage Corp.,EST,False,EQUITY,us_market,3.979,,23.198,0.071902394,,1.71,,93352896.0,,,,3.214,1423614.0,0.0152,,1651276800.0,0.24441999,136912000.0,1.53,3.0,-0.1573345,15.5833845,0.74863,1714435200.0,,1667001600.0,10.62,1667174400.0,23466130.0,1.066091,4618999296.0,2.0,,,1639094400.0,-0.082,4.0275717,1669766400.0,1.38,,29.289473,,0.060700003,1443567.0,0.0,,48.86,50.44,47.1742,0.0,0.0,,53.98,,133140.0,48.86,46.3112,0.0,50.44,133140.0,,1639094400.0,,50.04,32.735294,304714.0,,4675579904.0,,,163846.0,50.04,50.33,800.0,304714.0,57.65,,38.1,47.31,False,,800.0,53.98,
4,True,BB,8.359999656677246,44,8.350000381469727,4,6.699999809265137,3,13.229999542236328,430,,,,,,,,,,,,,,,,,,,,,,,,,,,,,,,,,,,,,,,,,,,,,,,,,,,,,,,,,,,,,,,,,,,,,,,,,,,,,,,,,,,,,,,,,,,,,,,,,,,,,,,,,,,,,,,,,,,,,,,,,,,,,,,,,,,
5,True,NOK,4.024056911468506,0,3.974499785960442,0,3.9546765781101523,0,4.113260408568117,17,,,8.2544,,,,,,,,,,,,,,,,,,,,,,,,,,,,,,,,,,,,,,,,,,,,,,,,,,,,,,,,,,,,,,,,,,,,,,,,,,,,,,,,,,,,,,,,,,,,,,,,,,,,,,,,,,,,,,,,,,,,,,,,,,,,,,,,
6,True,PLTR,28.09000015258789,181,25.709999084472656,59,23.90999984741211,48,27.290000915527344,42,,,1.2947,,,,,,,,,,,,,,,,,,,,,,,,,,,,,,,,,,,,,,,,,,,,,,,,,,,,,,,,,,,,,,,,,,,,,,,,,,,,,,,,,,,,,,,,,,,,,,,,,,,,,,,,,,,,,,,,,,,,,,,,,,,,,,,,
7,True,SPCE,28.0,8,24.979999542236328,9,23.959999084472656,0,31.559999465942383,1,,,,,,,,,,,,,,,,,,,,,,,,,,,,,,,,,,,,,,,,,,,,,,,,,,,,,,,,,,,,,,,,,,,,,,,,,,,,,,,,,,,,,,,,,,,,,,,,,,,,,,,,,,,,,,,,,,,,,,,,,,,,,,,,,,,
8,True,CLOV,10.40999984741211,0,10.989999771118164,0,17.399999618530273,0,13.890000343322754,1,,,,,,,,,,,,,,,,,,,,,,,,,,,,,,,,,,,,,,,,,,,,,,,,,,,,,,,,,,,,,,,,,,,,,,,,,,,,,,,,,,,,,,,,,,,,,,,,,,,,,,,,,,,,,,,,,,,,,,,,,,,,,,,,,,,
9,True,ZOM,0.17900000512599945,0,0.17299999296665192,0,0.25,2,1.0800000429153442,0,,,,,,,,,,,,,,,,,,,,,,,,,,,,,,,,,,,,,,,,,,,,,,,,,,,,,,,,,,,,,,,,,,,,,,,,,,,,,,,,,,,,,,,,,,,,,,,,,,,,,,,,,,,,,,,,,,,,,,,,,,,,,,,,,,,
10,True,SNDL,9.119999885559082,16,5.010000228881836,0,4.840000152587891,0,7.090000152587891,3,,,,,,,,,,,,,,,,,,,,,,,,,,,,,,,,,,,,,,,,,,,,,,,,,,,,,,,,,,,,,,,,,,,,,,,,,,,,,,,,,,,,,,,,,,,,,,,,,,,,,,,,,,,,,,,,,,,,,,,,,,,,,,,,,,,
11,True,TSLA,199.19667053222656,20,209.41000366210938,19,239.82000732421875,26,286.2466735839844,23,,,1.3152,,,,,,,,,,,,,,,,,,,,,,,,,,,,,,,,,,,,,,,,,,,,,,,,,,,,,,,,,,,,,,,,,,,,,,,,,,,,,,,,,,,,,,,,,,,,,,,,,,,,,,,,,,,,,,,,,,,,,,,,,,,,,,,,
12,True,WISH,,0,22.75,8,18.530000686645508,0,26.139999389648438,0,,,,,,,,,,,,,,,,,,,,,,,,,,,,,,,,,,,,,,,,,,,,,,,,,,,,,,,,,,,,,,,,,,,,,,,,,,,,,,,,,,,,,,,,,,,,,,,,,,,,,,,,,,,,,,,,,,,,,,,,,,,,,,,,,,,
13,True,CRSR,38.61000061035156,11,35.27899932861328,1,37.0,4,37.08000183105469,6,,,,,,,,,,,,,,,,,,,,,,,,,,,,,,,,,,,,,,,,,,,,,,,,,,,,,,,,,,,,,,,,,,,,,,,,,,,,,,,,,,,,,,,,,,,,,,,,,,,,,,,,,,,,,,,,,,,,,,,,,,,,,,,,,,,
14,True,WKHS,26.040000915527344,0,22.030000686645508,0,20.780000686645508,1,24.010000228881836,1,,,,,,,,,,,,,,,,,,,,,,,,,,,,,,,,,,,,,,,,,,,,,,,,,,,,,,,,,,,,,,,,,,,,,,,,,,,,,,,,,,,,,,,,,,,,,,,,,,,,,,,,,,,,,,,,,,,,,,,,,,,,,,,,,,,
15,True,UWMC,8.731649685496306,0,9.168660843099207,0,11.850706273701892,0,10.659639241201287,0,,,,,,,,,,,,,,,,,,,,,,,,,,,,,,,,,,,,,,,,,,,,,,,,,,,,,,,,,,,,,,,,,,,,,,,,,,,,,,,,,,,,,,,,,,,,,,,,,,,,,,,,,,,,,,,,,,,,,,,,,,,,,,,,,,,
16,True,CLF,11.479999542236328,1,13.489999771118164,3,14.890000343322754,1,17.780000686645508,0,,,,,,,,,,,,,,,,,,,,,,,,,,,,,,,,,,,,,,,,,,,,,,,,,,,,,,,,,,,,,,,,,,,,,,,,,,,,,,,,,,,,,,,,,,,,,,,,,,,,,,,,,,,,,,,,,,,,,,,,,,,,,,,,,,,
17,True,ATOM,9.5,0,12.09000015258789,0,16.489999771118164,0,35.0,0,,,,,,,,,,,,,,,,,,,,,,,,,,,,,,,,,,,,,,,,,,,,,,,,,,,,,,,,,,,,,,,,,,,,,,,,,,,,,,,,,,,,,,,,,,,,,,,,,,,,,,,,,,,,,,,,,,,,,,,,,,,,,,,,,,,
18,True,APE,,0,,0,,0,,4,,,,,,,,,,,,,,,,,,,,,,,,,,,,,,,,,,,,,,,,,,,,,,,,,,,,,,,,,,,,,,,,,,,,,,,,,,,,,,,,,,,,,,,,,,,,,,,,,,,,,,,,,,,,,,,,,,,,,,,,,,,,,,,,,,,
19,True,WEN,21.192070976936844,1,21.861796464833862,0,20.981584978483376,0,20.799801327871183,0,,,2.2811,,,,,,,,,,,,,,,,,,,,,,,,,,,,,,,,,,,,,,,,,,,,,,,,,,,,,,,,,,,,,,,,,,,,,,,,,,,,,,,,,,,,,,,,,,,,,,,,,,,,,,,,,,,,,,,,,,,,,,,,,,,,,,,,
20,True,HHC,73.76000213623047,0,79.55000305175781,0,78.9800033569336,0,87.0,0,78.54,https://logo.clearbit.com/howardhughes.com,,77380,Real Estate,530.0,The Woodlands,TX,United States,1.0,Real Estate—Diversified,0.32913,0.1271,0.40429002,-28054000.0,1.918,0.22692,635921984.0,80.0,buy,565718000.0,-22283624.0,90.0,78.54,30.231,1.755,0.02881,5.0,100.0,131.773,0.06685,150.0,354604992.0,4679127040.0,1932158976.0,7.164,USD,37.901,0.991,1.8,NYQ,Howard Hughes Corporation (The),The Howard Hughes Corporation,EST,False,EQUITY,us_market,4.25,,12.914,-0.17201263,,0.48,,49900900.0,,,,70.429,1349873.0,0.0271,,1640908800.0,1.00638,245582000.0,4.89,,-0.13886869,1.1151656,0.008880001,1703980800.0,,1664496000.0,3.55,1667174400.0,33129910.0,1.435704,8212014592.0,2.0,,,,25.671,2.028413,1669766400.0,1.08,,163.625,,0.045100003,2712257.0,0.0,,76.15,78.83,75.87345,0.0,0.0,,79.29,,399120.0,76.15,64.2738,0.0,78.83,399120.0,,,,77.08,16.06135,91746.0,,3919216640.0,,,335919.0,77.08,78.44,1000.0,91746.0,105.51,,50.9,78.3,False,,800.0,79.29,
21,True,DC,,0,,1,,0,,2,,,,,,,,,,,,,,,,,,,,,,,,,,,,,,,,,,,,,,,,,,,,,,,,,,,,,,,,,,,,,,,,,,,,,,,,,,,,,,,,,,,,,,,,,,,,,,,,,,,,,,,,,,,,,,,,,,,,,,,,,,,,,,,,,,,
22,True,DTE,100.85515665058105,0,99.47334539351036,0,97.51049966269657,1,96.40488455417275,0,,,4.3285,,,,,,,,,,,,,,,,,,,,,,,,,,,,,,,,,,,,,,,,,,,,,,,,,,,,,,,,,,,,,,,,,,,,,,,,,,,,,,,,,,,,,,,,,,,,,,,,,,,,,,,,,,,,,,,,,,,,,,,,,,,,,,,,
23,True,KE,15.989999771118164,18,16.329999923706055,9,16.110000610351562,6,17.850000381469727,27,24.35,https://logo.clearbit.com/kimballelectronics.com,,47546,Industrials,7200.0,Jasper,IN,United States,1.0,Electrical Equipment & Parts,0.06483,0.02611,0.08089,-135184992.0,0.387,0.04561,94828000.0,27.0,strong_buy,104602000.0,-201449248.0,28.0,24.35,2.8,1.864,0.04298,3.0,30.67,50.961,0.085260004,37.0,19715000.0,232504992.0,1462706944.0,0.798,USD,58.426,0.777,1.3,NMS,"Kimball Electronics, Inc.","Kimball Electronics, Inc.",EST,False,EQUITY,us_market,0.554,,8.55,0.122969866,,2.62,,24710300.0,,,,18.464,217563.0,0.0088,,1656547200.0,0.68806,38144000.0,1.58,,-0.1573345,1.3187824,0.04919,1719705600.0,,1664496000.0,3.8,1667174400.0,23535355.0,1.409482,810780032.0,2.0,,,,2.709,0.41135773,1669766400.0,,,9.293894,,0.0092,300619.0,0.0,,24.2,24.28,19.8385,0.0,0.0,,24.8178,,85190.0,24.2,20.8214,0.0,24.28,85190.0,,,,24.2,15.411392,114281.0,,601695808.0,,,59130.0,24.2,24.46,800.0,114281.0,24.8178,,16.66,23.0,False,,900.0,24.8178,
24,True,AA,20.285182708415682,18,21.85015315400413,5,23.39531457984569,3,23.276455651889837,9,,,,,,,,,,,,,,,,,,,,,,,,,,,,,,,,,,,,,,,,,,,,,,,,,,,,,,,,,,,,,,,,,,,,,,,,,,,,,,,,,,,,,,,,,,,,,,,,,,,,,,,,,,,,,,,,,,,,,,,,,,,,,,,,,,,
25,True,HOOD,,0,,0,,2,,2,,,,,,,,,,,,,,,,,,,,,,,,,,,,,,,,,,,,,,,,,,,,,,,,,,,,,,,,,,,,,,,,,,,,,,,,,,,,,,,,,,,,,,,,,,,,,,,,,,,,,,,,,,,,,,,,,,,,,,,,,,,,,,,,,,,
26,True,TLRY,9.0,1,9.899999618530273,14,8.430000305175781,1,19.389999389648438,1,,,,,,,,,,,,,,,,,,,,,,,,,,,,,,,,,,,,,,,,,,,,,,,,,,,,,,,,,,,,,,,,,,,,,,,,,,,,,,,,,,,,,,,,,,,,,,,,,,,,,,,,,,,,,,,,,,,,,,,,,,,,,,,,,,,
27,True,UNIT,9.077579426940895,1,9.798503343750196,1,10.420346161541168,0,11.46860063292968,3,,,0.594,,,,,,,,,,,,,,,,,,,,,,,,,,,,,,,,,,,,,,,,,,,,,,,,,,,,,,,,,,,,,,,,,,,,,,,,,,,,,,,,,,,,,,,,,,,,,,,,,,,,,,,,,,,,,,,,,,,,,,,,,,,,,,,,
28,True,SNAP,44.900001525878906,2,52.11000061035156,0,50.439998626708984,0,50.61000061035156,0,,,,,,,,,,,,,,,,,,,,,,,,,,,,,,,,,,,,,,,,,,,,,,,,,,,,,,,,,,,,,,,,,,,,,,,,,,,,,,,,,,,,,,,,,,,,,,,,,,,,,,,,,,,,,,,,,,,,,,,,,,,,,,,,,,,
29,True,NRDY,10.010000228881836,0,10.649999618530273,0,11.109999656677246,0,11.199999809265137,0,2.45,https://logo.clearbit.com/nerdy.com,,63101,Technology,1000.0,Saint Louis,MO,United States,1.0,Software—Application,-0.56596,-0.0563,0.68827003,-52412000.0,0.015,-0.5767,-92182000.0,2.5,buy,93964000.0,-19644250.0,4.0,2.45,,3.133,-0.31103,9.0,4.33,4.537,-0.24061,6.0,106382000.0,3807000.0,162878000.0,1.141,USD,1.956,3.017,2.1,NYQ,Nerdy Inc.,"Nerdy, Inc.",EST,False,EQUITY,us_market,1.009,,-1.784,-0.62537766,,-0.38,,93241800.0,,,,0.517,6029740.0,0.0647,,1640908800.0,0.66285,-9170000.0,-0.192,,-0.15151536,4.7388783,0.23706,1703980800.0,,1664496000.0,12.98,1664496000.0,49618644.0,,164413760.0,4.0,,,,,1.402537,1667174400.0,,,-6.4473686,,0.107700005,5027775.0,0.0,,2.48,2.42,3.1829,0.0,0.0,,2.6334,,422670.0,2.48,2.349,0.0,2.42,422670.0,,,,2.4,,899854.0,,228442416.0,,,1341153.0,2.4,2.6,800.0,899854.0,6.836,,1.59,2.46,False,,1000.0,2.6334,
30,True,LL,29.0,33,31.739999771118164,15,31.200000762939453,9,31.260000228881836,68,6.295,https://logo.clearbit.com/llflooring.com,,23230,Consumer Cyclical,2400.0,Richmond,VA,United States,1.0,Home Improvement Retail,0.026600001,0.01175,0.36475,-135374000.0,-0.048,0.01408,30114000.0,6.0,hold,440042000.0,-165541632.0,6.0,6.295,,1.952,0.01592,1.0,6.0,75.532,0.050100002,6.0,6051000.0,204154000.0,1132091008.0,0.207,USD,39.109,0.049,3.0,NYQ,"LL Flooring Holdings, Inc.","LL Flooring Holdings, Inc.",EST,False,EQUITY,us_market,0.343,,12.913,-0.61707175,,0.16,,29301900.0,,,,9.422,2114828.0,0.0722,,1640908800.0,0.77559996,13307000.0,0.48,,-0.14422739,0.66811717,0.02481,1703980800.0,,1664496000.0,3.87,1667174400.0,28511021.0,2.119612,388858240.0,2.0,,,,,0.16293342,1669766400.0,1.09,,39.34375,,0.1047,2248629.0,0.0,,6.46,6.35,10.242,0.0,0.0,,6.42,,704480.0,6.46,7.245,0.0,6.35,704480.0,,,,6.16,13.114584,312855.0,,184455456.0,,,465942.0,6.16,6.34,800.0,312855.0,17.96,,5.84,6.33,False,,900.0,6.42,
31,False,ALOR,,0,,0,,0,,0,,,,,,,,,,,,,,,,,,,,,,,,,,,,,,,,,,,,,,,,,,,,,,,,,,,,,,,,,,,,,,,,,,,,,,,,,,,,,,,,,,,,,,,,,,,,,,,,,,,,,,,,,,,,,,,,,,,,,,,,,,,,,,,,,,,
32,False,SCAQ,,0,,0,,0,,0,,,,,,,,,,,,,,,,,,,,,,,,,,,,,,,,,,,,,,,,,,,,,,,,,,,,,,,,,,,,,,,,,,,,,,,,,,,,,,,,,,,,,,,,,,,,,,,,,,,,,,,,,,,,,,,,,,,,,,,,,,,,,,,,,,,
33,False,RXST,,0,,0,,0,,0,,,,,,,,,,,,,,,,,,,,,,,,,,,,,,,,,,,,,,,,,,,,,,,,,,,,,,,,,,,,,,,,,,,,,,,,,,,,,,,,,,,,,,,,,,,,,,,,,,,,,,,,,,,,,,,,,,,,,,,,,,,,,,,,,,,
34,False,HCAR,,0,,0,,0,10.09000015258789,0,,,,,,,,,,,,,,,,,,,,,,,,,,,,,,,,,,,,,,,,,,,,,,,,,,,,,,,,,,,,,,,,,,,,,,,,,,,,,,,,,,,,,,,,,,,,,,,,,,,,,,,,,,,,,,,,,,,,,,,,,,,,,,,,,,,
35,False,FACT,,0,,0,,0,,0,,,,,,,,,,,,,,,,,,,,,,,,,,,,,,,,,,,,,,,,,,,,,,,,,,,,,,,,,,,,,,,,,,,,,,,,,,,,,,,,,,,,,,,,,,,,,,,,,,,,,,,,,,,,,,,,,,,,,,,,,,,,,,,,,,,
36,False,EVC,2.7329938861544294,0,3.082596000954509,0,2.649105756988729,0,2.9669987364118877,0,,,,,,,,,,,,,,,,,,,,,,,,,,,,,,,,,,,,,,,,,,,,,,,,,,,,,,,,,,,,,,,,,,,,,,,,,,,,,,,,,,,,,,,,,,,,,,,,,,,,,,,,,,,,,,,,,,,,,,,,,,,,,,,,,,,
37,False,TETC,,0,,0,,0,,0,,,,,,,,,,,,,,,,,,,,,,,,,,,,,,,,,,,,,,,,,,,,,,,,,,,,,,,,,,,,,,,,,,,,,,,,,,,,,,,,,,,,,,,,,,,,,,,,,,,,,,,,,,,,,,,,,,,,,,,,,,,,,,,,,,,
38,False,GCO,31.850000381469727,0,30.25,0,30.200000762939453,0,37.93000030517578,0,45.61,https://logo.clearbit.com/genesco.com,,37217-2895,Consumer Cyclical,5400.0,Nashville,TN,United States,1.0,Apparel Retail,0.07438,0.04514,0.48514,-110116000.0,-0.036,0.05653,177339008.0,50.0,hold,1181136000.0,-139641120.0,56.5,45.61,-0.208,1.569,0.053340003,2.0,56.5,106.659,0.1877,63.0,44939000.0,597859008.0,2384285952.0,3.439,USD,177.178,0.198,2.7,NYQ,Genesco Inc.,Genesco Inc.,EST,False,EQUITY,us_market,0.521,,7.003,-0.28308707,,7.4,,13069100.0,,,,42.829,694518.0,0.0531,,1643414400.0,0.93952006,107799000.0,7.61,0.17,-0.11324203,1.0649327,0.05644,1706486400.0,,1659139200.0,5.98,1665705600.0,11427491.0,1.923104,1241956864.0,2.0,,,103161600.0,-0.301,0.25000426,1668470400.0,0.75,,6.1635137,,0.0689,778595.0,0.0,,48.41,46.34,55.7701,0.0,0.0,,47.54,,153820.0,48.41,45.405,0.0,46.34,153820.0,,103161600.0,,43.57,5.9934297,335444.0,,596081664.0,,,157285.0,43.57,48.98,800.0,335444.0,72.34,,37.54,45.61,False,,800.0,47.54,
39,False,ALLK,109.16000366210938,0,120.25,0,140.0,0,128.32000732421875,0,,,,,,,,,,,,,,,,,,,,,,,,,,,,,,,,,,,,,,,,,,,,,,,,,,,,,,,,,,,,,,,,,,,,,,,,,,,,,,,,,,,,,,,,,,,,,,,,,,,,,,,,,,,,,,,,,,,,,,,,,,,,,,,,,,,
40,False,EVBG,127.68000030517578,0,139.80999755859375,0,148.83999633789062,0,143.36000061035156,0,,,,,,,,,,,,,,,,,,,,,,,,,,,,,,,,,,,,,,,,,,,,,,,,,,,,,,,,,,,,,,,,,,,,,,,,,,,,,,,,,,,,,,,,,,,,,,,,,,,,,,,,,,,,,,,,,,,,,,,,,,,,,,,,,,,
41,False,TSLX,15.806711946610312,0,15.967211641841994,0,16.16098513642141,0,16.463278435931528,0,,,,,,,,,,,,,,,,,,,,,,,,,,,,,,,,,,,,,,,,,,,,,,,,,,,,,,,,,,,,,,,,,,,,,,,,,,,,,,,,,,,,,,,,,,,,,,,,,,,,,,,,,,,,,,,,,,,,,,,,,,,,,,,,,,,
42,False,GCMG,8.801630240837037,0,11.815886606221355,0,12.381638742896508,0,12.19614563560548,0,,,,,,,,,,,,,,,,,,,,,,,,,,,,,,,,,,,,,,,,,,,,,,,,,,,,,,,,,,,,,,,,,,,,,,,,,,,,,,,,,,,,,,,,,,,,,,,,,,,,,,,,,,,,,,,,,,,,,,,,,,,,,,,,,,,
43,False,VVNT,22.229999542236328,0,21.579999923706055,0,20.850000381469727,0,21.25,0,11.88,https://logo.clearbit.com/vivint.com,,84604,Industrials,11000.0,Provo,UT,United States,1.0,Security & Protection Services,0.056110002,-0.07666,0.75753,-10098000.0,0.136,0.01289,91771000.0,7.0,hold,1095023000.0,642473856.0,12.0,11.88,,0.466,0.00449,5.0,10.6,,,12.0,305352000.0,2760225024.0,1635613952.0,1.431,USD,7.74,0.362,2.8,NYQ,"Vivint Smart Home, Inc.","Vivint Smart Home, Inc.",EST,False,EQUITY,us_market,3.051,,54.373,0.31561458,,-0.66,,213388992.0,,,,-8.155,2638192.0,0.0124,,1640908800.0,0.82519996,-125387000.0,-1.267,,-0.1573345,,0.08715,1703980800.0,,1664496000.0,4.64,1667174400.0,43971663.0,1.308128,4989853184.0,2.0,,,,,1.5499141,1669766400.0,1.11,,-18.0,,0.0395,3392637.0,0.0,,11.88,11.88,6.3377,0.0,0.0,,11.91,,4193210.0,11.88,8.147,0.0,11.88,4193210.0,,,,11.875,,1357041.0,,2535061248.0,,,1058992.0,11.875,11.92,36900.0,1357041.0,11.93,,3.26,11.87,False,,4000.0,11.91,801 377 4116
44,False,LIVN,53.400001525878906,0,64.0,0,66.56999969482422,0,66.37999725341797,0,,,,,,,,,,,,,,,,,,,,,,,,,,,,,,,,,,,,,,,,,,,,,,,,,,,,,,,,,,,,,,,,,,,,,,,,,,,,,,,,,,,,,,,,,,,,,,,,,,,,,,,,,,,,,,,,,,,,,,,,,,,,,,,,,,,
45,False,TENB,35.91999816894531,0,40.54999923706055,0,53.0,0,56.70000076293945,0,,,,,,,,,,,,,,,,,,,,,,,,,,,,,,,,,,,,,,,,,,,,,,,,,,,,,,,,,,,,,,,,,,,,,,,,,,,,,,,,,,,,,,,,,,,,,,,,,,,,,,,,,,,,,,,,,,,,,,,,,,,,,,,,,,,
46,False,ITCI,23.579999923706055,0,26.389999389648438,0,32.01499938964844,0,33.150001525878906,0,51.83,https://logo.clearbit.com/intracellulartherapies.com,,10016,Healthcare,512.0,New York,NY,United States,1.0,Drug Manufacturers—Specialty & Generic,-1.6030499,-1.58393,0.2212,-304176480.0,2.236,-1.60655,-301558752.0,50.0,buy,-13077085.0,-196405920.0,69.0,51.83,,9.815,-0.28213,13.0,68.69,3.853,-0.50839,93.0,628740992.0,26412000.0,188116016.0,6.639,USD,2.073,8.917,1.8,NMS,Intra-Cellular Therapies Inc.,"Intra-Cellular Therapies, Inc.",EST,False,EQUITY,us_market,23.365,,-14.575,0.42737353,,-1.65,,94705104.0,,,,7.238,2791103.0,0.0295,,1640908800.0,0.94725,-297963680.0,-3.606,,-0.14422739,7.160818,0.026129998,1703980800.0,,1664496000.0,3.83,1667174400.0,87693092.0,1.176005,4395256832.0,2.0,,,,,26.093288,1669766400.0,-0.08,,-31.412123,,0.0339,4057793.0,0.0,,52.77,52.44,53.68785,0.0,0.0,,52.44,,528230.0,52.77,49.8884,0.0,52.44,528230.0,,,,51.44,,812081.0,,4908565504.0,,,683849.0,51.44,51.9,800.0,812081.0,66.0,,36.2,51.0,False,,800.0,52.44,
47,False,RRC,7.399024730112812,0,7.339355503449667,0,6.8421089565382465,0,9.547129453416836,0,,,1.4714,,,,,,,,,,,,,,,,,,,,,,,,,,,,,,,,,,,,,,,,,,,,,,,,,,,,,,,,,,,,,,,,,,,,,,,,,,,,,,,,,,,,,,,,,,,,,,,,,,,,,,,,,,,,,,,,,,,,,,,,,,,,,,,,
48,False,USFD,32.06999969482422,1,33.439998626708984,0,33.40999984741211,0,35.0099983215332,0,36.58,https://logo.clearbit.com/usfoods.com,0.6883,60018,Consumer Defensive,28000.0,Rosemont,IL,United States,1.0,Food Distribution,0.02809,0.0072600003,0.15913,512000000.0,0.13,0.01709,932000000.0,34.0,buy,4655000000.0,158500000.0,42.0,36.58,0.792,1.356,0.026889998,15.0,41.07,115.579,0.055770002,48.0,366000000.0,5155999744.0,33180999680.0,1.627,USD,148.461,0.761,2.1,NYQ,US Foods Holding Corp.,US Foods Holding Corp.,EST,False,EQUITY,us_market,0.401,,14.293,0.14358485,,2.66,,224891008.0,,,,17.453,1809977.0,0.008,,1640995200.0,1.0083699,204000000.0,0.89,,-0.13534117,2.0959148,0.0062599997,1704067200.0,,1664582400.0,1.27,1665705600.0,204697696.0,1.392455,13321110528.0,2.0,,,,0.703,0.24792844,1668470400.0,0.61,,13.75188,,0.0091,3225349.0,0.0,,35.92,35.97,32.7194,0.0,0.0,,36.63,,1456390.0,35.92,29.7834,0.0,35.97,1456390.0,,,,35.805,41.101128,3898570.0,,8226513408.0,,,1533421.0,35.805,0.0,800.0,3898570.0,39.73,,25.49,0.0,False,,900.0,36.63,
49,False,RRX,112.50142604343877,0,110.95697066529091,0,116.19529659696546,0,128.4500753940468,0,,,1.0958,,,,,,,,,,,,,,,,,,,,,,,,,,,,,,,,,,,,,,,,,,,,,,,,,,,,,,,,,,,,,,,,,,,,,,,,,,,,,,,,,,,,,,,,,,,,,,,,,,,,,,,,,,,,,,,,,,,,,,,,,,,,,,,,
50,False,PSO,8.27999855622878,0,8.507888200437556,0,8.916191060040864,0,9.32449360409524,0,,,,,,,,,,,,,,,,,,,,,,,,,,,,,,,,,,,,,,,,,,,,,,,,,,,,,,,,,,,,,,,,,,,,,,,,,,,,,,,,,,,,,,,,,,,,,,,,,,,,,,,,,,,,,,,,,,,,,,,,,,,,,,,,,,,
51,False,VIPS,24.809999465942383,0,25.020000457763672,0,28.440000534057617,0,30.0,0,,,,,,,,,,,,,,,,,,,,,,,,,,,,,,,,,,,,,,,,,,,,,,,,,,,,,,,,,,,,,,,,,,,,,,,,,,,,,,,,,,,,,,,,,,,,,,,,,,,,,,,,,,,,,,,,,,,,,,,,,,,,,,,,,,,
52,False,EXAS,122.83000183105469,0,129.4600067138672,0,128.1999969482422,0,151.47999572753906,0,,,,,,,,,,,,,,,,,,,,,,,,,,,,,,,,,,,,,,,,,,,,,,,,,,,,,,,,,,,,,,,,,,,,,,,,,,,,,,,,,,,,,,,,,,,,,,,,,,,,,,,,,,,,,,,,,,,,,,,,,,,,,,,,,,,
53,False,HUBS,392.0,0,383.260009765625,0,396.44000244140625,0,397.0400085449219,0,,,2.919,,,,,,,,,,,,,,,,,,,,,,,,,,,,,,,,,,,,,,,,,,,,,,,,,,,,,,,,,,,,,,,,,,,,,,,,,,,,,,,,,,,,,,,,,,,,,,,,,,,,,,,,,,,,,,,,,,,,,,,,,,,,,,,,
54,False,MOS,21.94353548073244,0,22.94649748005181,0,22.926859489503585,0,28.445016024132965,0,,,,,,,,,,,,,,,,,,,,,,,,,,,,,,,,,,,,,,,,,,,,,,,,,,,,,,,,,,,,,,,,,,,,,,,,,,,,,,,,,,,,,,,,,,,,,,,,,,,,,,,,,,,,,,,,,,,,,,,,,,,,,,,,,,,
55,False,AEE,73.79520860210569,0,74.94851704132863,0,73.65825487008478,0,68.67750021686194,0,,,2.5226,,,,,,,,,,,,,,,,,,,,,,,,,,,,,,,,,,,,,,,,,,,,,,,,,,,,,,,,,,,,,,,,,,,,,,,,,,,,,,,,,,,,,,,,,,,,,,,,,,,,,,,,,,,,,,,,,,,,,,,,,,,,,,,,
56,False,FMX,69.80797642892163,0,74.68009185208788,0,72.99507048345367,0,72.38847425826444,0,,,,,,,,,,,,,,,,,,,,,,,,,,,,,,,,,,,,,,,,,,,,,,,,,,,,,,,,,,,,,,,,,,,,,,,,,,,,,,,,,,,,,,,,,,,,,,,,,,,,,,,,,,,,,,,,,,,,,,,,,,,,,,,,,,,
57,False,ENB,27.86316845905098,0,29.548122108422916,0,28.38971405132567,0,30.952248043043177,0,,,,,,,,,,,,,,,,,,,,,,,,,,,,,,,,,,,,,,,,,,,,,,,,,,,,,,,,,,,,,,,,,,,,,,,,,,,,,,,,,,,,,,,,,,,,,,,,,,,,,,,,,,,,,,,,,,,,,,,,,,,,,,,,,,,
58,False,JNJ,139.04074389076297,0,142.7570006512891,0,149.4481473342001,0,155.11280861819068,1,,,3.7914,,,,,,,,,,,,,,,,,,,,,,,,,,,,,,,,,,,,,,,,,,,,,,,,,,,,,,,,,,,,,,,,,,,,,,,,,,,,,,,,,,,,,,,,,,,,,,,,,,,,,,,,,,,,,,,,,,,,,,,,,,,,,,,,
59,False,SOUNW,,0,,0,,0,,0,,,,,,,,,,,,,,,,,,,,,,,,,,,,,,,,,,,,,,,,,,,,,,,,,,,,,,,,,,,,,,,,,,,,,,,,,,,,,,,,,,,,,,,,,,,,,,,,,,,,,,,,,,,,,,,,,,,,,,,,,,,,,,,,,,,
60,False,DS,1.690000057220459,2,2.7100000381469727,2,2.4600000381469727,1,2.4800000190734863,13,,,,,,,,,,,,,,,,,,,,,,,,,,,,,,,,,,,,,,,,,,,,,,,,,,,,,,,,,,,,,,,,,,,,,,,,,,,,,,,,,,,,,,,,,,,,,,,,,,,,,,,,,,,,,,,,,,,,,,,,,,,,,,,,,,,
61,False,SCTL,2.430000066757202,0,3.1500000953674316,0,2.930000066757202,0,3.0799999237060547,0,1.41,https://logo.clearbit.com/societalcdmo.com,,19341,Healthcare,258.0,Exton,PA,United States,1.0,Drug Manufacturers—Specialty & Generic,0.11452,-0.14811,0.25945,-1195000.0,0.184,0.02237,10105000.0,2.0,strong_buy,19823000.0,-7161250.0,4.0,1.41,,3.49,0.00798,3.0,4.0,297.749,-0.32788,6.0,11577000.0,104909000.0,88238000.0,0.204,USD,1.564,2.686,1.3,NCM,"Societal CDMO, Inc.","Societal CDMO, Inc.",EST,False,EQUITY,us_market,1.983,,17.316,-0.105590045,,-0.2,,56700600.0,,,,0.622,505779.0,0.0089,,1640908800.0,0.53863996,-13069000.0,-0.26,,-0.14654392,2.266881,0.11698,1703980800.0,,1664496000.0,9.45,1667174400.0,41216775.0,0.675287,174980816.0,4.0,,,,,0.9060478,1669766400.0,-0.42,,-7.0499997,,0.0095,429750.0,0.0,,1.44,1.45,1.33762,0.0,0.0,,1.45,,216570.0,1.44,1.6231,0.0,1.45,216570.0,,,,1.38,,7218.0,,79947848.0,,,84953.0,1.38,1.43,1800.0,7218.0,2.19,,0.62,1.41,False,,1200.0,1.45,
62,False,CARV,7.239999771118164,0,6.670000076293945,0,6.539999961853027,0,7.829999923706055,0,,,,,,,,,,,,,,,,,,,,,,,,,,,,,,,,,,,,,,,,,,,,,,,,,,,,,,,,,,,,,,,,,,,,,,,,,,,,,,,,,,,,,,,,,,,,,,,,,,,,,,,,,,,,,,,,,,,,,,,,,,,,,,,,,,,
63,False,ETW,7.974482536315918,1,8.050029985122194,0,8.19545861296181,1,8.389981922580692,0,,,,,,,,,,,,,,,,,,,,,,,,,,,,,,,,,,,,,,,,,,,,,,,,,,,,,,,,,,,,,,,,,,,,,,,,,,,,,,,,,,,,,,,,,,,,,,,,,,,,,,,,,,,,,,,,,,,,,,,,,,,,,,,,,,,
64,False,DHT,4.988090721169515,1,5.32512353980386,0,5.0843860900928775,0,5.344382902741878,0,,,,,,,,,,,,,,,,,,,,,,,,,,,,,,,,,,,,,,,,,,,,,,,,,,,,,,,,,,,,,,,,,,,,,,,,,,,,,,,,,,,,,,,,,,,,,,,,,,,,,,,,,,,,,,,,,,,,,,,,,,,,,,,,,,,
65,False,CLIN,,0,,0,,0,,0,,,,,,,,,,,,,,,,,,,,,,,,,,,,,,,,,,,,,,,,,,,,,,,,,,,,,,,,,,,,,,,,,,,,,,,,,,,,,,,,,,,,,,,,,,,,,,,,,,,,,,,,,,,,,,,,,,,,,,,,,,,,,,,,,,,
66,False,WWW,28.329255153589802,0,30.608399913585206,0,30.436142799027188,0,30.30964773558281,1,,,,,,,,,,,,,,,,,,,,,,,,,,,,,,,,,,,,,,,,,,,,,,,,,,,,,,,,,,,,,,,,,,,,,,,,,,,,,,,,,,,,,,,,,,,,,,,,,,,,,,,,,,,,,,,,,,,,,,,,,,,,,,,,,,,
67,False,TPIC,41.34000015258789,0,44.72999954223633,0,55.029998779296875,0,67.75,0,,,,,,,,,,,,,,,,,,,,,,,,,,,,,,,,,,,,,,,,,,,,,,,,,,,,,,,,,,,,,,,,,,,,,,,,,,,,,,,,,,,,,,,,,,,,,,,,,,,,,,,,,,,,,,,,,,,,,,,,,,,,,,,,,,,
68,False,GNK,6.461092242877158,0,6.283729097859128,0,6.275282703750412,0,7.592838978324387,0,,,,,,,,,,,,,,,,,,,,,,,,,,,,,,,,,,,,,,,,,,,,,,,,,,,,,,,,,,,,,,,,,,,,,,,,,,,,,,,,,,,,,,,,,,,,,,,,,,,,,,,,,,,,,,,,,,,,,,,,,,,,,,,,,,,
69,False,BKSC,15.019748322441288,0,15.084570297909687,0,15.168491307907969,0,15.524077439337523,0,,,,,,,,,,,,,,,,,,,,,,,,,,,,,,,,,,,,,,,,,,,,,,,,,,,,,,,,,,,,,,,,,,,,,,,,,,,,,,,,,,,,,,,,,,,,,,,,,,,,,,,,,,,,,,,,,,,,,,,,,,,,,,,,,,,
70,False,AU,21.65234538640473,5,21.205414967245016,3,23.487612125614266,6,21.785471509903477,7,,,,,,,,,,,,,,,,,,,,,,,,,,,,,,,,,,,,,,,,,,,,,,,,,,,,,,,,,,,,,,,,,,,,,,,,,,,,,,,,,,,,,,,,,,,,,,,,,,,,,,,,,,,,,,,,,,,,,,,,,,,,,,,,,,,
71,False,RFP,5.144001565081773,0,5.913284655217058,0,6.080117147204493,0,7.544535725951193,0,,,,,,,,,,,,,,,,,,,,,,,,,,,,,,,,,,,,,,,,,,,,,,,,,,,,,,,,,,,,,,,,,,,,,,,,,,,,,,,,,,,,,,,,,,,,,,,,,,,,,,,,,,,,,,,,,,,,,,,,,,,,,,,,,,,
72,False,ENO,25.8700008392334,0,26.073999404907227,0,25.600000381469727,0,25.510000228881836,0,,,,,,,,,,,,,,,,,,,,,,,,,,,,,,,,,,,,,,,,,,,,,,,,,,,,,,,,,,,,,,,,,,,,,,,,,,,,,,,,,,,,,,,,,,,,,,,,,,,,,,,,,,,,,,,,,,,,,,,,,,,,,,,,,,,
73,False,FROG,70.5,2,65.70999908447266,0,62.349998474121094,0,61.27000045776367,0,23.189,https://logo.clearbit.com/jfrog.com,,94089,Technology,1000.0,Sunnyvale,CA,United States,1.0,Software—Application,-0.24700001,-0.34151,0.77986,31772000.0,0.341,-0.28265,-64893000.0,26.0,buy,164876000.0,63171876.0,28.0,23.189,,2.648,-0.055180002,9.0,28.67,3.669,-0.14139,32.0,434001984.0,22927000.0,262730000.0,4.327,USD,2.671,2.513,2.2,NMS,JFrog Ltd.,JFrog Ltd.,EST,False,EQUITY,us_market,7.28,,-29.474,-0.19216096,,0.09,,100290000.0,,,,6.238,1163866.0,0.0116,,1640908800.0,0.65997005,-89724000.0,-0.791,,-0.14422739,3.7173772,0.21056,1703980800.0,,1664496000.0,1.8,1667174400.0,65671644.0,0.360672,1912635264.0,2.0,,,,,8.851768,1669766400.0,21.51,,257.65555,,0.0173,2052454.0,0.0,,23.29,22.92,22.280825,0.0,0.0,,23.69,,524740.0,23.29,22.9731,0.0,22.92,524740.0,,,,22.81,,201404.0,,2325624832.0,,,652404.0,22.81,23.21,800.0,201404.0,31.7,,16.356,23.15,False,,1200.0,23.69,
74,False,COWNL,23.600380851011295,0,23.33268596250894,0,23.4017673496563,0,23.53129597063418,0,,,,,,,,,,,,,,,,,,,,,,,,,,,,,,,,,,,,,,,,,,,,,,,,,,,,,,,,,,,,,,,,,,,,,,,,,,,,,,,,,,,,,,,,,,,,,,,,,,,,,,,,,,,,,,,,,,,,,,,,,,,,,,,,,,,
75,False,CSSEN,20.53525757673283,0,20.905748115113397,0,20.449471850102743,0,21.42838991314448,0,,,,,,,,,,,,,,,,,,,,,,,,,,,,,,,,,,,,,,,,,,,,,,,,,,,,,,,,,,,,,,,,,,,,,,,,,,,,,,,,,,,,,,,,,,,,,,,,,,,,,,,,,,,,,,,,,,,,,,,,,,,,,,,,,,,
76,False,ODC,32.88033222519189,0,34.45006965786659,0,31.95531030023096,0,31.973998307712755,0,,,,,,,,,,,,,,,,,,,,,,,,,,,,,,,,,,,,,,,,,,,,,,,,,,,,,,,,,,,,,,,,,,,,,,,,,,,,,,,,,,,,,,,,,,,,,,,,,,,,,,,,,,,,,,,,,,,,,,,,,,,,,,,,,,,
77,False,NBTB,28.792847110437975,0,31.075150196008387,0,30.443272466097945,0,32.85761042834657,0,,,,,,,,,,,,,,,,,,,,,,,,,,,,,,,,,,,,,,,,,,,,,,,,,,,,,,,,,,,,,,,,,,,,,,,,,,,,,,,,,,,,,,,,,,,,,,,,,,,,,,,,,,,,,,,,,,,,,,,,,,,,,,,,,,,
78,False,IMCR,,0,,0,,0,,0,60.76,https://logo.clearbit.com/immunocore.com,,OX14 4RY,Healthcare,324.0,Abingdon,,United Kingdom,1.0,Biotechnology,-0.48815,-0.54181,0.19379,-48255000.0,5.955,-0.53715,-49922000.0,33.0,buy,-46706000.0,-4485500.0,79.0,60.76,,5.226,-0.088549994,9.0,72.66,25.128,-0.22311,90.0,347188992.0,74081000.0,102268000.0,7.247,GBP,2.289,5.099,1.7,NMS,Immunocore Holdings plc,Immunocore Holdings plc,EST,False,EQUITY,us_market,26.241,,-53.756,0.6622677,,-1.41,,47905000.0,,,,6.154,1993291.0,0.0454,,1640908800.0,0.5886,-55410000.0,-3.314,,-0.14843899,9.873253,0.2079,1703980800.0,,1664496000.0,6.36,1664496000.0,25455737.0,,2683586048.0,2.0,,,,,28.461569,1667174400.0,,,-43.092197,,,2159813.0,0.0,,61.72,61.16,39.87445,0.0,0.0,,61.49,,558110.0,61.72,51.2634,0.0,61.16,558110.0,,,,57.86,,528752.0,,2910707712.0,,,383434.0,57.86,0.0,1000.0,528752.0,69.055,,18.43,0.0,False,,1000.0,61.49,
79,False,HIG,43.313148156067705,1,43.953485287967034,0,47.432300711296755,0,50.06052744320915,1,,,,,,,,,,,,,,,,,,,,,,,,,,,,,,,,,,,,,,,,,,,,,,,,,,,,,,,,,,,,,,,,,,,,,,,,,,,,,,,,,,,,,,,,,,,,,,,,,,,,,,,,,,,,,,,,,,,,,,,,,,,,,,,,,,,
80,False,RL,84.28822806362007,1,96.94538651117189,3,99.75914922188069,2,103.37960411123596,1,,,,,,,,,,,,,,,,,,,,,,,,,,,,,,,,,,,,,,,,,,,,,,,,,,,,,,,,,,,,,,,,,,,,,,,,,,,,,,,,,,,,,,,,,,,,,,,,,,,,,,,,,,,,,,,,,,,,,,,,,,,,,,,,,,,
81,False,VEEV,279.7099914550781,0,268.42999267578125,0,274.0,0,280.4800109863281,0,,,,,,,,,,,,,,,,,,,,,,,,,,,,,,,,,,,,,,,,,,,,,,,,,,,,,,,,,,,,,,,,,,,,,,,,,,,,,,,,,,,,,,,,,,,,,,,,,,,,,,,,,,,,,,,,,,,,,,,,,,,,,,,,,,,
82,False,MCD,212.79694306055757,0,208.908125789987,0,208.5289579947028,0,204.3095453907261,0,,,,,,,,,,,,,,,,,,,,,,,,,,,,,,,,,,,,,,,,,,,,,,,,,,,,,,,,,,,,,,,,,,,,,,,,,,,,,,,,,,,,,,,,,,,,,,,,,,,,,,,,,,,,,,,,,,,,,,,,,,,,,,,,,,,
83,False,ARGX,286.3299865722656,0,302.07000732421875,0,294.739990234375,0,286.4700012207031,0,389.68,https://logo.clearbit.com/argenx.com,,4811 AH,Healthcare,650.0,Breda,,Netherlands,1.0,Biotechnology,-2.9582999,0.0,-1.4481101,,19.618,-2.9682102,-845139968.0,385.0,buy,-52254000.0,,441.0,389.68,,,,19.0,441.58,0.327,,490.0,2597392896.0,9700000.0,285684000.0,47.173,USD,5.349,,1.8,NMS,argenx SE,argenx SE,EST,False,EQUITY,us_market,66.047,,-22.326,0.25597882,,-10.03,,55323800.0,,,,53.945,692620.0,0.0125,,1640908800.0,0.58246,-908796032.0,-11.529,,-0.15688086,7.223654,2.0000001e-05,1703980800.0,,1664496000.0,2.59,1667174400.0,54558240.0,0.65374,18868672512.0,2.0,,,,,75.70582,1669766400.0,-0.71,,-38.851444,,,706169.0,0.0,,386.46,390.49,348.1627,0.0,0.0,,397.479,,242170.0,386.46,373.7188,0.0,390.49,242170.0,,,,387.52,,253980.0,,21627940864.0,,,255074.0,387.52,388.61,800.0,253980.0,407.93,,249.5,385.33,False,,900.0,397.479,
84,False,LRCX,456.85767155074603,0,493.81943555329303,0,476.0383052444962,0,581.0624092693703,0,,,,,,,,,,,,,,,,,,,,,,,,,,,,,,,,,,,,,,,,,,,,,,,,,,,,,,,,,,,,,,,,,,,,,,,,,,,,,,,,,,,,,,,,,,,,,,,,,,,,,,,,,,,,,,,,,,,,,,,,,,,,,,,,,,,
85,False,WTM,969.558581193079,0,1008.0758982053379,0,1001.481569205153,0,1031.6060189750103,0,,,,,,,,,,,,,,,,,,,,,,,,,,,,,,,,,,,,,,,,,,,,,,,,,,,,,,,,,,,,,,,,,,,,,,,,,,,,,,,,,,,,,,,,,,,,,,,,,,,,,,,,,,,,,,,,,,,,,,,,,,,,,,,,,,,
86,False,SBSW,12.576321589498612,0,13.162316321555227,0,15.389091312892992,0,15.416136424725783,0,,,,,,,,,,,,,,,,,,,,,,,,,,,,,,,,,,,,,,,,,,,,,,,,,,,,,,,,,,,,,,,,,,,,,,,,,,,,,,,,,,,,,,,,,,,,,,,,,,,,,,,,,,,,,,,,,,,,,,,,,,,,,,,,,,,
87,False,CLAR,14.489726552032446,0,15.217703672581713,0,15.297482294534252,0,15.75620722418351,1,,,,,,,,,,,,,,,,,,,,,,,,,,,,,,,,,,,,,,,,,,,,,,,,,,,,,,,,,,,,,,,,,,,,,,,,,,,,,,,,,,,,,,,,,,,,,,,,,,,,,,,,,,,,,,,,,,,,,,,,,,,,,,,,,,,
88,False,SBBA,24.520000457763672,0,24.649999618530273,0,25.56999969482422,0,25.399999618530273,0,,,,,,,,,,,,,,,,,,,,,,,,,,,,,,,,,,,,,,,,,,,,,,,,,,,,,,,,,,,,,,,,,,,,,,,,,,,,,,,,,,,,,,,,,,,,,,,,,,,,,,,,,,,,,,,,,,,,,,,,,,,,,,,,,,,
89,False,POST,62.45418930053711,0,64.0575942993164,5,65.81151580810547,0,64.31937408447266,3,93.86,https://logo.clearbit.com/postholdings.com,,63144,Consumer Defensive,10420.0,Saint Louis,MO,United States,1.0,Packaged Foods,0.13568,0.12931,0.2508,535200000.0,0.165,0.070700005,793900032.0,70.0,buy,1467500000.0,176637504.0,100.0,93.86,2.397,2.699,0.0218,9.0,98.11,172.648,0.22393,107.0,684700032.0,6167499776.0,5851200000.0,11.684,USD,96.079,1.492,2.3,NYQ,"Post Holdings, Inc.","Post Holdings, Inc.",EST,False,EQUITY,us_market,1.931,,14.233,0.38270068,,3.85,,58603600.0,,,,55.434,2276795.0,0.0381,,1664496000.0,0.93967,735000000.0,12.1,,-0.14843899,1.6931847,0.10466,1727654400.0,,1664496000.0,5.67,1664496000.0,45971008.0,0.590134,11299875840.0,2.0,,,,1.806,0.9400693,1667174400.0,0.84,,24.379221,,0.048299998,2239749.0,0.0,,93.83,94.0,80.44806,0.0,0.0,,94.54,,574930.0,93.83,86.5472,0.0,94.0,574930.0,,,,93.51,7.757025,482931.0,,5500533760.0,,,442181.0,93.51,149.28,800.0,482931.0,94.54,,61.68194,0.0,False,,900.0,94.54,
90,False,COST,382.20557678900207,0,368.94514991299627,0,375.17776056191457,0,352.2753029306117,0,,,,,,,,,,,,,,,,,,,,,,,,,,,,,,,,,,,,,,,,,,,,,,,,,,,,,,,,,,,,,,,,,,,,,,,,,,,,,,,,,,,,,,,,,,,,,,,,,,,,,,,,,,,,,,,,,,,,,,,,,,,,,,,,,,,
91,False,MDLZ,56.892666581263995,0,56.567789814795866,0,57.89380227558211,0,56.557560402634635,0,,,,,,,,,,,,,,,,,,,,,,,,,,,,,,,,,,,,,,,,,,,,,,,,,,,,,,,,,,,,,,,,,,,,,,,,,,,,,,,,,,,,,,,,,,,,,,,,,,,,,,,,,,,,,,,,,,,,,,,,,,,,,,,,,,,
92,False,COKE,262.0139662138587,0,265.8647857433495,0,265.64529942728643,0,257.1157160495065,0,,,,,,,,,,,,,,,,,,,,,,,,,,,,,,,,,,,,,,,,,,,,,,,,,,,,,,,,,,,,,,,,,,,,,,,,,,,,,,,,,,,,,,,,,,,,,,,,,,,,,,,,,,,,,,,,,,,,,,,,,,,,,,,,,,,
93,False,INDO,4.559999942779541,0,4.210000038146973,0,6.579999923706055,0,6.170000076293945,0,,,,,,,,,,,,,,,,,,,,,,,,,,,,,,,,,,,,,,,,,,,,,,,,,,,,,,,,,,,,,,,,,,,,,,,,,,,,,,,,,,,,,,,,,,,,,,,,,,,,,,,,,,,,,,,,,,,,,,,,,,,,,,,,,,,
94,False,PBT,2.7650319375644936,0,3.173610391252232,0,3.147782389898758,0,3.3862500190734863,0,,,,,,,,,,,,,,,,,,,,,,,,,,,,,,,,,,,,,,,,,,,,,,,,,,,,,,,,,,,,,,,,,,,,,,,,,,,,,,,,,,,,,,,,,,,,,,,,,,,,,,,,,,,,,,,,,,,,,,,,,,,,,,,,,,,
95,False,HHGCW,,0,,0,,0,,0,,,,,,,,,,,,,,,,,,,,,,,,,,,,,,,,,,,,,,,,,,,,,,,,,,,,,,,,,,,,,,,,,,,,,,,,,,,,,,,,,,,,,,,,,,,,,,,,,,,,,,,,,,,,,,,,,,,,,,,,,,,,,,,,,,,
96,False,EOD,4.219285428761773,3,4.368940590619518,0,4.496900948021636,0,4.60658097485362,2,,,,,,,,,,,,,,,,,,,,,,,,,,,,,,,,,,,,,,,,,,,,,,,,,,,,,,,,,,,,,,,,,,,,,,,,,,,,,,,,,,,,,,,,,,,,,,,,,,,,,,,,,,,,,,,,,,,,,,,,,,,,,,,,,,,
97,False,DRAYU,,0,,0,,0,,0,,,,,,,,,,,,,,,,,,,,,,,,,,,,,,,,,,,,,,,,,,,,,,,,,,,,,,,,,,,,,,,,,,,,,,,,,,,,,,,,,,,,,,,,,,,,,,,,,,,,,,,,,,,,,,,,,,,,,,,,,,,,,,,,,,,
98,False,BANX,18.235979145767445,0,19.54845224054847,0,18.154824386841057,0,18.730419158935547,0,,,,,,,,,,,,,,,,,,,,,,,,,,,,,,,,,,,,,,,,,,,,,,,,,,,,,,,,,,,,,,,,,,,,,,,,,,,,,,,,,,,,,,,,,,,,,,,,,,,,,,,,,,,,,,,,,,,,,,,,,,,,,,,,,,,
99,False,BRP,29.43000030517578,0,29.010000228881836,0,30.030000686645508,0,27.010000228881836,0,,,,,,,,,,,,,,,,,,,,,,,,,,,,,,,,,,,,,,,,,,,,,,,,,,,,,,,,,,,,,,,,,,,,,,,,,,,,,,,,,,,,,,,,,,,,,,,,,,,,,,,,,,,,,,,,,,,,,,,,,,,,,,,,,,,
100,False,CNCE,11.5600004196167,0,13.399999618530273,0,12.619999885559082,0,10.90999984741211,0,,,,,,,,,,,,,,,,,,,,,,,,,,,,,,,,,,,,,,,,,,,,,,,,,,,,,,,,,,,,,,,,,,,,,,,,,,,,,,,,,,,,,,,,,,,,,,,,,,,,,,,,,,,,,,,,,,,,,,,,,,,,,,,,,,,
101,False,PACB,16.25,0,20.81999969482422,0,26.049999237060547,0,40.34000015258789,0,,,,,,,,,,,,,,,,,,,,,,,,,,,,,,,,,,,,,,,,,,,,,,,,,,,,,,,,,,,,,,,,,,,,,,,,,,,,,,,,,,,,,,,,,,,,,,,,,,,,,,,,,,,,,,,,,,,,,,,,,,,,,,,,,,,
102,False,AMPH,17.920000076293945,0,18.90999984741211,0,20.260000228881836,0,18.6200008392334,0,,,,,,,,,,,,,,,,,,,,,,,,,,,,,,,,,,,,,,,,,,,,,,,,,,,,,,,,,,,,,,,,,,,,,,,,,,,,,,,,,,,,,,,,,,,,,,,,,,,,,,,,,,,,,,,,,,,,,,,,,,,,,,,,,,,
103,False,OIS,4.550000190734863,1,5.289999961853027,0,5.099999904632568,0,6.659999847412109,2,,,,,,,,,,,,,,,,,,,,,,,,,,,,,,,,,,,,,,,,,,,,,,,,,,,,,,,,,,,,,,,,,,,,,,,,,,,,,,,,,,,,,,,,,,,,,,,,,,,,,,,,,,,,,,,,,,,,,,,,,,,,,,,,,,,
104,False,TWI,5.050000190734863,0,4.460000038146973,0,4.900000095367432,0,7.650000095367432,2,,,,,,,,,,,,,,,,,,,,,,,,,,,,,,,,,,,,,,,,,,,,,,,,,,,,,,,,,,,,,,,,,,,,,,,,,,,,,,,,,,,,,,,,,,,,,,,,,,,,,,,,,,,,,,,,,,,,,,,,,,,,,,,,,,,
105,False,FREY,9.930000305175781,0,10.015999794006348,0,10.149999618530273,0,10.380000114440918,0,,,,,,,,,,,,,,,,,,,,,,,,,,,,,,,,,,,,,,,,,,,,,,,,,,,,,,,,,,,,,,,,,,,,,,,,,,,,,,,,,,,,,,,,,,,,,,,,,,,,,,,,,,,,,,,,,,,,,,,,,,,,,,,,,,,
106,False,AGNC,14.624998807844317,0,14.624997824015402,0,14.80512332936329,0,15.033477821537012,0,,,,,,,,,,,,,,,,,,,,,,,,,,,,,,,,,,,,,,,,,,,,,,,,,,,,,,,,,,,,,,,,,,,,,,,,,,,,,,,,,,,,,,,,,,,,,,,,,,,,,,,,,,,,,,,,,,,,,,,,,,,,,,,,,,,
107,False,MMAT,0.7799999713897705,0,1.0399999618530273,0,1.4199999570846558,0,3.200000047683716,0,,,,,,,,,,,,,,,,,,,,,,,,,,,,,,,,,,,,,,,,,,,,,,,,,,,,,,,,,,,,,,,,,,,,,,,,,,,,,,,,,,,,,,,,,,,,,,,,,,,,,,,,,,,,,,,,,,,,,,,,,,,,,,,,,,,
108,False,INFY,15.196618459941957,0,15.392830088248651,0,17.06063232803886,0,18.02207353188437,0,,,,,,,,,,,,,,,,,,,,,,,,,,,,,,,,,,,,,,,,,,,,,,,,,,,,,,,,,,,,,,,,,,,,,,,,,,,,,,,,,,,,,,,,,,,,,,,,,,,,,,,,,,,,,,,,,,,,,,,,,,,,,,,,,,,
109,False,PCTY,197.5,0,192.52000427246094,0,205.61000061035156,0,195.88999938964844,0,,,,,,,,,,,,,,,,,,,,,,,,,,,,,,,,,,,,,,,,,,,,,,,,,,,,,,,,,,,,,,,,,,,,,,,,,,,,,,,,,,,,,,,,,,,,,,,,,,,,,,,,,,,,,,,,,,,,,,,,,,,,,,,,,,,
110,False,USM,31.3700008392334,0,31.290000915527344,0,30.75,0,34.540000915527344,0,,,,,,,,,,,,,,,,,,,,,,,,,,,,,,,,,,,,,,,,,,,,,,,,,,,,,,,,,,,,,,,,,,,,,,,,,,,,,,,,,,,,,,,,,,,,,,,,,,,,,,,,,,,,,,,,,,,,,,,,,,,,,,,,,,,
111,False,GNE,8.114598809821528,0,7.921394414627474,0,7.13122922183019,0,7.802868837371797,0,,,,,,,,,,,,,,,,,,,,,,,,,,,,,,,,,,,,,,,,,,,,,,,,,,,,,,,,,,,,,,,,,,,,,,,,,,,,,,,,,,,,,,,,,,,,,,,,,,,,,,,,,,,,,,,,,,,,,,,,,,,,,,,,,,,
112,False,AGI,8.423341444751184,0,9.153718175052003,0,9.084596082454889,0,7.998394442330257,1,,,,,,,,,,,,,,,,,,,,,,,,,,,,,,,,,,,,,,,,,,,,,,,,,,,,,,,,,,,,,,,,,,,,,,,,,,,,,,,,,,,,,,,,,,,,,,,,,,,,,,,,,,,,,,,,,,,,,,,,,,,,,,,,,,,
113,False,AEFC,25.488898784247233,0,25.927858983411813,0,26.825286617136772,0,25.43037054536858,0,,,,,,,,,,,,,,,,,,,,,,,,,,,,,,,,,,,,,,,,,,,,,,,,,,,,,,,,,,,,,,,,,,,,,,,,,,,,,,,,,,,,,,,,,,,,,,,,,,,,,,,,,,,,,,,,,,,,,,,,,,,,,,,,,,,
114,False,NPO,70.99378366161613,0,73.45815077596504,0,75.08464737392983,0,81.08787022271773,0,,,,,,,,,,,,,,,,,,,,,,,,,,,,,,,,,,,,,,,,,,,,,,,,,,,,,,,,,,,,,,,,,,,,,,,,,,,,,,,,,,,,,,,,,,,,,,,,,,,,,,,,,,,,,,,,,,,,,,,,,,,,,,,,,,,
115,False,GOOGL,88.33300018310547,0,88.45549774169922,0,88.0,0,91.31849670410156,0,,,,,,,,,,,,,,,,,,,,,,,,,,,,,,,,,,,,,,,,,,,,,,,,,,,,,,,,,,,,,,,,,,,,,,,,,,,,,,,,,,,,,,,,,,,,,,,,,,,,,,,,,,,,,,,,,,,,,,,,,,,,,,,,,,,
116,False,CVS,66.34424866995909,1,67.08152404302523,1,66.6255811127466,0,73.16396698507285,1,,,,,,,,,,,,,,,,,,,,,,,,,,,,,,,,,,,,,,,,,,,,,,,,,,,,,,,,,,,,,,,,,,,,,,,,,,,,,,,,,,,,,,,,,,,,,,,,,,,,,,,,,,,,,,,,,,,,,,,,,,,,,,,,,,,
117,False,LMT,355.19918787101034,0,344.3832746771327,0,342.19506960156536,0,330.2030717331455,0,,,,,,,,,,,,,,,,,,,,,,,,,,,,,,,,,,,,,,,,,,,,,,,,,,,,,,,,,,,,,,,,,,,,,,,,,,,,,,,,,,,,,,,,,,,,,,,,,,,,,,,,,,,,,,,,,,,,,,,,,,,,,,,,,,,
118,False,FCX,23.90591770177105,0,24.342376072613416,0,27.02063137102441,0,31.712537355155124,0,,,,,,,,,,,,,,,,,,,,,,,,,,,,,,,,,,,,,,,,,,,,,,,,,,,,,,,,,,,,,,,,,,,,,,,,,,,,,,,,,,,,,,,,,,,,,,,,,,,,,,,,,,,,,,,,,,,,,,,,,,,,,,,,,,,
119,False,ED,72.90222356785281,19,69.47867783448474,15,68.72740008728735,6,65.5986785947071,31,,,,,,,,,,,,,,,,,,,,,,,,,,,,,,,,,,,,,,,,,,,,,,,,,,,,,,,,,,,,,,,,,,,,,,,,,,,,,,,,,,,,,,,,,,,,,,,,,,,,,,,,,,,,,,,,,,,,,,,,,,,,,,,,,,,
120,False,PNR,51.55313435385835,0,51.966745475956955,0,52.26217616679182,0,57.75723657823175,0,,,,,,,,,,,,,,,,,,,,,,,,,,,,,,,,,,,,,,,,,,,,,,,,,,,,,,,,,,,,,,,,,,,,,,,,,,,,,,,,,,,,,,,,,,,,,,,,,,,,,,,,,,,,,,,,,,,,,,,,,,,,,,,,,,,
121,False,PRG,56.66999816894531,0,53.459999084472656,0,54.220001220703125,0,55.0,0,,,,,,,,,,,,,,,,,,,,,,,,,,,,,,,,,,,,,,,,,,,,,,,,,,,,,,,,,,,,,,,,,,,,,,,,,,,,,,,,,,,,,,,,,,,,,,,,,,,,,,,,,,,,,,,,,,,,,,,,,,,,,,,,,,,
